2017-12-31;507223.5
2017-12-30;472964.1
2017-12-29;480652.2
2017-12-28;509073.6
2017-12-27;506079
2017-12-26;531113.1
2017-12-25;549241.35
2017-12-24;534282
2017-12-23;545385.75
2017-12-22;521235.75
2017-12-21;530276.25
2017-12-20;464031.75
2017-12-19;476484.75
2017-12-18;463137.15
2017-12-17;516461.4
2017-12-16;508466.7
2017-12-15;513517.2
2017-12-14;512979.6
2017-12-13;503554.8
2017-12-12;516796.35
2017-12-11;515626.65
2017-12-10;462693
2017-12-09;482859.3
2017-12-08;500980.2
2017-12-07;513434.25
2017-12-06;510095.25
2017-12-05;498000.3
2017-12-04;499024.05
2017-12-03;524057.1
2017-12-02;539938.35
2017-12-01;522407.55
2017-11-30;467452.65
2017-11-29;450779.7
2017-11-28;504959.7
2017-11-27;515732.7
2017-11-26;517886.25
2017-11-25;591574.2
2017-11-24;617591.1
2017-11-23;556825.5
2017-11-22;551631.15
2017-11-21;534559.2
2017-11-20;545795.25
2017-11-19;523891.2
2017-11-18;507193.05
2017-11-17;521357.55
2017-11-16;515712.75
2017-11-15;502833.45
2017-11-14;521839.5
2017-11-13;543107.25
2017-11-12;504243.6
2017-11-11;489295.8
2017-11-10;534087.75
2017-11-09;551339.25
2017-11-08;535182.9
2017-11-07;455338.8
2017-11-06;497754.6
2017-11-05;514071.6
2017-11-04;536726.4
2017-11-03;553483.35
2017-11-02;535568.25
2017-11-01;509796
2017-10-31;527272.2
2017-10-30;552834.45
2017-10-29;540178.8
2017-10-28;530855.85
2017-10-27;533730.75
2017-10-26;523964.7
2017-10-25;561099
2017-10-24;572637.45
2017-10-23;593025.3
2017-10-22;581619.15
2017-10-21;593364.45
2017-10-20;574733.25
2017-10-19;575182.65
2017-10-18;542745
2017-10-17;512575.35
2017-10-16;514336.2
2017-10-15;518349.3
2017-10-14;516005.7
2017-10-13;513420.6
2017-10-12;440371.05
2017-10-11;411259.8
2017-10-10;465934.35
2017-10-09;476606.55
2017-10-08;484618.05
2017-10-07;486544.8
2017-10-06;519143.1
2017-10-05;491460.9
2017-10-04;473199.3
2017-10-03;449178.45
2017-10-02;457309.65
2017-10-01;484984.5
2017-09-30;480184.95
2017-09-29;464329.95
2017-09-28;497610.75
2017-09-27;508239.9
2017-09-26;517193.25
2017-09-25;555130.8
2017-09-24;551158.65
2017-09-23;554768.55
2017-09-22;501961.95
2017-09-21;447310.5
2017-09-20;520090.2
2017-09-19;524622
2017-09-18;521670.45
2017-09-17;508559.1
2017-09-16;518535.15
2017-09-15;520894.5
2017-09-14;485551.5
2017-09-13;503569.5
2017-09-12;517339.2
2017-09-11;516760.65
2017-09-10;521519.25
2017-09-09;551452.65
2017-09-08;532617.75
2017-09-07;460352.55
2017-09-06;520852.5
2017-09-05;517899.9
2017-09-04;571876.2
2017-09-03;533295
2017-09-02;474464.55
2017-09-01;456565.2
2017-08-31;514230.15
2017-08-30;544396.65
2017-08-29;529596.9
2017-08-28;541304.4
2017-08-27;527873.85
2017-08-26;534876.3
2017-08-25;540343.65
2017-08-24;512511.3
2017-08-23;519002.4
2017-08-22;478089.15
2017-08-21;523279.05
2017-08-20;532083.3
2017-08-19;547561.35
2017-08-18;504223.65
2017-08-17;475594.35
2017-08-16;460779.9
2017-08-15;460020.75
2017-08-14;496821.15
2017-08-13;505904.7
2017-08-12;488093.55
2017-08-11;509364.45
2017-08-10;457139.55
2017-08-09;469283.85
2017-08-08;459881.1
2017-08-07;515564.7
2017-08-06;530494.65
2017-08-05;425139.75
2017-08-04;479475.15
2017-08-03;462255.15
2017-08-02;515829.3
2017-08-01;522903.15
2017-07-31;518939.4
2017-07-30;527706.9
2017-07-29;549400.95
2017-07-28;497421.75
2017-07-27;468133.05
2017-07-26;555024.75
2017-07-25;534814.35
2017-07-24;528074.4
2017-07-23;490908.6
2017-07-22;519776.25
2017-07-21;550137
2017-07-20;537226.2
2017-07-19;506515.8
2017-07-18;494257.05
2017-07-17;421418.55
2017-07-16;428207.85
2017-07-15;403277.7
2017-07-14;528984.75
2017-07-13;555073.05
2017-07-12;547090.95
2017-07-11;560391.3
2017-07-10;567938.7
2017-07-09;547268.4
2017-07-08;637996.8
2017-07-07;586507.95
2017-07-06;520208.85
2017-07-05;529126.5
2017-07-04;576949.8
2017-07-03;564325.65
2017-07-02;564770.85
2017-07-01;619288.95
2017-06-30;634715.55
2017-06-29;650917.05
2017-06-28;620983.65
2017-06-27;565934.25
2017-06-26;552220.2
2017-06-25;564851.7
2017-06-24;592987.5
2017-06-23;592484.55
2017-06-22;608066.55
2017-06-21;541952.25
2017-06-20;478047.15
2017-06-19;502797.75
2017-06-18;470552.25
2017-06-17;465402
2017-06-16;462893.55
2017-06-15;453563.25
2017-06-14;429132.9
2017-06-13;387100.35
2017-06-12;375674.25
2017-06-11;403383.75
2017-06-10;362214.3
2017-06-09;253337.7
2017-06-08;274630.65
2017-06-07;304007.55
2017-06-06;258374.55
2017-06-05;124597.2
2017-06-04;143532.9
2017-06-03;198249.45
2017-06-02;375780.3
2017-06-01;348727.05
2017-05-31;384755.7
2017-05-30;441429.45
2017-05-29;451949.4
2017-05-28;467446.35
2017-05-27;243531.75
2017-05-26;429223.2
2017-05-25;439958.4
2017-05-24;521672.55
2017-05-23;498043.35
2017-05-22;539263.2
2017-05-21;544014.45
2017-05-20;501409.65
2017-05-19;427272.3
2017-05-18;429068.85
2017-05-17;555282
2017-05-16;552133.05
2017-05-15;532618.8
2017-05-14;566827.8
2017-05-13;570172.05
2017-05-12;514716.3
2017-05-11;491053.5
2017-05-10;583088.1
2017-05-09;544704.3
2017-05-08;484310.4
2017-05-07;510442.8
2017-05-06;456021.3
2017-05-05;495814.2
2017-05-04;545408.85
2017-05-03;463144.5
2017-05-02;485781.45
2017-05-01;394952.25
2017-04-30;348298.65
2017-04-29;376186.65
2017-04-28;381048.15
2017-04-27;340586.4
2017-04-26;360444
2017-04-25;368664.45
2017-04-24;374495.1
2017-04-23;548005.5
2017-04-22;497700
2017-04-21;322220.85
2017-04-20;500868.9
2017-04-19;554818.95
2017-04-18;537288.15
2017-04-17;566071.8
2017-04-16;506794.05
2017-04-15;517245.75
2017-04-14;506824.5
2017-04-13;522477.9
2017-04-12;536489.1
2017-04-11;530033.7
2017-04-10;522715.2
2017-04-09;548841.3
2017-04-08;548438.1
2017-04-07;573510
2017-04-06;506992.5
2017-04-05;576880.5
2017-04-04;553233.45
2017-04-03;523288.5
2017-04-02;509850.6
2017-04-01;535456.95
2017-03-31;497438.55
2017-03-30;472229.1
2017-03-29;527914.8
2017-03-28;556056.9
2017-03-27;534579.15
2017-03-26;516702.9
2017-03-25;501471.6
2017-03-24;475994.4
2017-03-23;539360.85
2017-03-22;519505.35
2017-03-21;521634.75
2017-03-20;521280.9
2017-03-19;536137.35
2017-03-18;532795.2
2017-03-17;548673.3
2017-03-16;512522.85
2017-03-15;498932.7
2017-03-14;536262.3
2017-03-13;547632.75
2017-03-12;569370.9
2017-03-11;576211.65
2017-03-10;523633.95
2017-03-09;563473.05
2017-03-08;556701.6
2017-03-07;605529.75
2017-03-06;569807.7
2017-03-05;562501.8
2017-03-04;604436.7
2017-03-03;562382.1
2017-03-02;562162.65
2017-03-01;547460.55
2017-02-28;548402.4
2017-02-27;567214.2
2017-02-26;566227.2
2017-02-25;594176.1
2017-02-24;553019.25
2017-02-23;544488
2017-02-22;511434
2017-02-21;545082.3
2017-02-20;600377.4
2017-02-19;578250.75
2017-02-18;578088
2017-02-17;591369.45
2017-02-16;576368.1
2017-02-15;538263.6
2017-02-14;494994.15
2017-02-13;518770.35
2017-02-12;439884.9
2017-02-11;524574.75
2017-02-10;529186.35
2017-02-09;502732.65
2017-02-08;514858.05
2017-02-07;465595.2
2017-02-06;417286.8
2017-02-05;457908.15
2017-02-04;489231.75
2017-02-03;522770.85
2017-02-02;573512.1
2017-02-01;549182.55
2017-01-31;519781.5
2017-01-30;538248.9
2017-01-29;529338.6
2017-01-28;551645.85
2017-01-27;513716.7
2017-01-26;550453.05
2017-01-25;544983.6
2017-01-24;518196
2017-01-23;553354.2
2017-01-22;543289.95
2017-01-21;522841.2
2017-01-20;516858.3
2017-01-19;510178.2
2017-01-18;505404.9
2017-01-17;549665.55
2017-01-16;475303.5
2017-01-15;536437.65
2017-01-14;518192.85
2017-01-13;524616.75
2017-01-12;472962
2017-01-11;521719.8
2017-01-10;453816.3
2017-01-09;456357.3
2017-01-08;482848.8
2017-01-07;488552.4
2017-01-06;480942
2017-01-05;476845.95
2017-01-04;469873.95
2017-01-03;459635.4
2017-01-02;533524.95
2017-01-01;551548.2
2016-12-31;549404.1
2016-12-30;525888.3
2016-12-29;431104.8
2016-12-28;491190
2016-12-27;492362.85
2016-12-26;506332.05
2016-12-25;492421.65
2016-12-24;477985.2
2016-12-23;516762.75
2016-12-22;533501.85
2016-12-21;533800.05
2016-12-20;546471.45
2016-12-19;533233.05
2016-12-18;539862.75
2016-12-17;546752.85
2016-12-16;555404.85
2016-12-15;514956.75
2016-12-14;551202.75
2016-12-13;504531.3
2016-12-12;561499.05
2016-12-11;565372.5
2016-12-10;555487.8
2016-12-09;555462.6
2016-12-08;566231.4
2016-12-07;559771.8
2016-12-06;512744.4
2016-12-05;527719.5
2016-12-04;550089.75
2016-12-03;521204.25
2016-12-02;541625.7
2016-12-01;539593.95
2016-11-30;539123.55
2016-11-29;560454.3
2016-11-28;521643.15
2016-11-27;534990.75
2016-11-26;516737.55
2016-11-25;521113.95
2016-11-24;511352.1
2016-11-23;512641.5
2016-11-22;508560.15
2016-11-21;507877.65
2016-11-20;512388.45
2016-11-19;504564.9
2016-11-18;519353.1
2016-11-17;538347.6
2016-11-16;515838.75
2016-11-15;520167.9
2016-11-14;516569.55
2016-11-13;528342.15
2016-11-12;549015.6
2016-11-11;527688
2016-11-10;560214.9
2016-11-09;556857
2016-11-08;591975.3
2016-11-07;586963.65
2016-11-06;577683.75
2016-11-05;481243.35
2016-11-04;478804.2
2016-11-03;445993.8
2016-11-02;434000.7
2016-11-01;461882.4
2016-10-31;445680.9
2016-10-30;491982.75
2016-10-29;544990.95
2016-10-28;590390.85
2016-10-27;582275.4
2016-10-26;567971.25
2016-10-25;554059.8
2016-10-24;563452.05
2016-10-23;511962.15
2016-10-22;443884.35
2016-10-21;552609.75
2016-10-20;497956.2
2016-10-19;468208.65
2016-10-18;543365.55
2016-10-17;552074.25
2016-10-16;552329.4
2016-10-15;522931.5
2016-10-14;536876.55
2016-10-13;549981.6
2016-10-12;551436.9
2016-10-11;553046.55
2016-10-10;538092.45
2016-10-09;545872.95
2016-10-08;576253.65
2016-10-07;595708.05
2016-10-06;502465.95
2016-10-05;569306.85
2016-10-04;545997.9
2016-10-03;554544.9
2016-10-02;537403.65
2016-10-01;553122.15
2016-09-30;541432.5
2016-09-29;551167.05
2016-09-28;564209.1
2016-09-27;563922.45
2016-09-26;558108.6
2016-09-25;567719.25
2016-09-24;558047.7
2016-09-23;522241.65
2016-09-22;546612.15
2016-09-21;580872.6
2016-09-20;599636.1
2016-09-19;549387.3
2016-09-18;555100.35
2016-09-17;565252.8
2016-09-16;575016.75
2016-09-15;502918.5
2016-09-14;506785.65
2016-09-13;389986.8
2016-09-12;498042.3
2016-09-11;545064.45
2016-09-10;541285.5
2016-09-09;543982.95
2016-09-08;568828.05
2016-09-07;559413.75
2016-09-06;593441.1
2016-09-05;544288.5
2016-09-04;543614.4
2016-09-03;527946.3
2016-09-02;530273.1
2016-09-01;538216.35
2016-08-31;466143.3
2016-08-30;547025.85
2016-08-29;543392.85
2016-08-28;544329.45
2016-08-27;561384.6
2016-08-26;538350.75
2016-08-25;564225.9
2016-08-24;568594.95
2016-08-23;522847.5
2016-08-22;471111.9
2016-08-21;482623.05
2016-08-20;484377.6
2016-08-19;502948.95
2016-08-18;436970.1
2016-08-17;506247
2016-08-16;461488.65
2016-08-15;531481.65
2016-08-14;536177.25
2016-08-13;544499.55
2016-08-12;581844.9
2016-08-11;538374.9
2016-08-10;552957.3
2016-08-09;546446.25
2016-08-08;555687.3
2016-08-07;543531.45
2016-08-06;538853.7
2016-08-05;547704.15
2016-08-04;549559.5
2016-08-03;540604.05
2016-08-02;548080.05
2016-08-01;550084.5
2016-07-31;558375.3
2016-07-30;571996.95
2016-07-29;577418.1
2016-07-28;553839.3
2016-07-27;436826.25
2016-07-26;183473.85
2016-07-25;400974
2016-07-24;521621.1
2016-07-23;467503.05
2016-07-22;519004.5
2016-07-21;457266.6
2016-07-20;403475.1
2016-07-19;389309.55
2016-07-18;384735.75
2016-07-17;431642.4
2016-07-16;453642
2016-07-15;453314.4
2016-07-14;422027.55
2016-07-13;406267.05
2016-07-12;409539.9
2016-07-11;379958.25
2016-07-10;402871.35
2016-07-09;401702.7
2016-07-08;409949.4
2016-07-07;409672.2
2016-07-06;405838.65
2016-07-05;420459.9
2016-07-04;466510.8
2016-07-03;545948.55
2016-07-02;553719.6
2016-07-01;571082.4
2016-06-30;560647.5
2016-06-29;552271.65
2016-06-28;487752.3
2016-06-27;535192.35
2016-06-26;515223.45
2016-06-25;502746.3
2016-06-24;523071.15
2016-06-23;520476.6
2016-06-22;496809.6
2016-06-21;481254.9
2016-06-20;506415
2016-06-19;500753.4
2016-06-18;534055.2
2016-06-17;527462.25
2016-06-16;540465.45
2016-06-15;556988.25
2016-06-14;529004.7
2016-06-13;506569.35
2016-06-12;549772.65
2016-06-11;540124.2
2016-06-10;545542.2
2016-06-09;549578.4
2016-06-08;547264.2
2016-06-07;548832.9
2016-06-06;521522.4
2016-06-05;417207
2016-06-04;305251.8
2016-06-03;136916.85
2016-06-02;215500.95
2016-06-01;390149.55
2016-05-31;451692.15
2016-05-30;541145.85
2016-05-29;548358.3
2016-05-28;552172.95
2016-05-27;561747.9
2016-05-26;541220.4
2016-05-25;548573.55
2016-05-24;560206.5
2016-05-23;543546.15
2016-05-22;568716.75
2016-05-21;542543.4
2016-05-20;506946.3
2016-05-19;471329.25
2016-05-18;529231.5
2016-05-17;499775.85
2016-05-16;476543.55
2016-05-15;462732.9
2016-05-14;439764.15
2016-05-13;494746.35
2016-05-12;347517.45
2016-05-11;452931.15
2016-05-10;502102.65
2016-05-09;464630.25
2016-05-08;474763.8
2016-05-07;491112.3
2016-05-06;496521.9
2016-05-05;496453.65
2016-05-04;501399.15
2016-05-03;505627.5
2016-05-02;532309.05
2016-05-01;519370.95
2016-04-30;565400.85
2016-04-29;476633.85
2016-04-28;503152.65
2016-04-27;514552.5
2016-04-26;517115.55
2016-04-25;534240
2016-04-24;507449.25
2016-04-23;544111.05
2016-04-22;521909.85
2016-04-21;503503.35
2016-04-20;478409.4
2016-04-19;504707.7
2016-04-18;492925.65
2016-04-17;486844.05
2016-04-16;478008.3
2016-04-15;380208.15
2016-04-14;382027.8
2016-04-13;280946.4
2016-04-12;258596.1
2016-04-11;300396.6
2016-04-10;251116.95
2016-04-09;320982.9
2016-04-08;334212.9
2016-04-07;404302.5
2016-04-06;526407
2016-04-05;535271.1
2016-04-04;514818.15
2016-04-03;554703.45
2016-04-02;584367
2016-04-01;566047.65
2016-03-31;490047.6
2016-03-30;544699.05
2016-03-29;548999.85
2016-03-28;543391.8
2016-03-27;562866.15
2016-03-26;552072.15
2016-03-25;486301.2
2016-03-24;450195.9
2016-03-23;519783.6
2016-03-22;530701.5
2016-03-21;547250.55
2016-03-20;561188.25
2016-03-19;545696.55
2016-03-18;433564.95
2016-03-17;591196.2
2016-03-16;548675.4
2016-03-15;483741.3
2016-03-14;495088.65
2016-03-13;501275.25
2016-03-12;592039.35
2016-03-11;534412.2
2016-03-10;496424.25
2016-03-09;535920
2016-03-08;554858.85
2016-03-07;534237.9
2016-03-06;545986.35
2016-03-05;585933.6
2016-03-04;523498.5
2016-03-03;450939.3
2016-03-02;472860.15
2016-03-01;470563.8
2016-02-29;510918.45
2016-02-28;490956.9
2016-02-27;454804.35
2016-02-26;422976.75
2016-02-25;395844.75
2016-02-24;406522.2
2016-02-23;403990.65
2016-02-22;408667.35
2016-02-21;409116.75
2016-02-20;430454.85
2016-02-19;232844.85
2016-02-18;326127.9
2016-02-17;426217.05
2016-02-16;413212.8
2016-02-15;435156.75
2016-02-14;549969
2016-02-13;558435.15
2016-02-12;453118.05
2016-02-11;457675.05
2016-02-10;477311.1
2016-02-09;473708.55
2016-02-08;496856.85
2016-02-07;462466.2
2016-02-06;494635.05
2016-02-05;530532.45
2016-02-04;471898.35
2016-02-03;483174.3
2016-02-02;485214.45
2016-02-01;480362.4
2016-01-31;491852.55
2016-01-30;500213.7
2016-01-29;524441.4
2016-01-28;578368.35
2016-01-27;516076.05
2016-01-26;450285.15
2016-01-25;474442.5
2016-01-24;511966.35
2016-01-23;523348.35
2016-01-22;527889.6
2016-01-21;577998.75
2016-01-20;574308
2016-01-19;536538.45
2016-01-18;562058.7
2016-01-17;536166.75
2016-01-16;548124.15
2016-01-15;536464.95
2016-01-14;512548.05
2016-01-13;518789.25
2016-01-12;504187.95
2016-01-11;518606.55
2016-01-10;519399.3
2016-01-09;513849
2016-01-08;513229.5
2016-01-07;545540.1
2016-01-06;431820.9
2016-01-05;440809.95
2016-01-04;440044.5
2016-01-03;518053.2
2016-01-02;513942.45
2016-01-01;512470.35
2015-12-31;518614.95
2015-12-30;518555.1
2015-12-29;476997.15
2015-12-28;534536.1
2015-12-27;527258.55
2015-12-26;537376.35
2015-12-25;528546.9
2015-12-24;575526
2015-12-23;549368.4
2015-12-22;620861.85
2015-12-21;530967.15
2015-12-20;563511.9
2015-12-19;583734.9
2015-12-18;513041.55
2015-12-17;562474.5
2015-12-16;529659.9
2015-12-15;541915.5
2015-12-14;431925.9
2015-12-13;442122.45
2015-12-12;294562.8
2015-12-11;443352
2015-12-10;463872.15
2015-12-09;511290.15
2015-12-08;546036.75
2015-12-07;537983.25
2015-12-06;528928.05
2015-12-05;518466.9
2015-12-04;540890.7
2015-12-03;498403.5
2015-12-02;548042.25
2015-12-01;529274.55
2015-11-30;556871.7
2015-11-29;592692.45
2015-11-28;598703.7
2015-11-27;607122.6
2015-11-26;545171.55
2015-11-25;562036.65
2015-11-24;575233.05
2015-11-23;517809.6
2015-11-22;525248.85
2015-11-21;529864.65
2015-11-20;530707.8
2015-11-19;530541.9
2015-11-18;546384.3
2015-11-17;522180.75
2015-11-16;536652.9
2015-11-15;522922.05
2015-11-14;536016.6
2015-11-13;480286.8
2015-11-12;529658.85
2015-11-11;506614.5
2015-11-10;532229.25
2015-11-09;533060.85
2015-11-08;518674.8
2015-11-07;513943.5
2015-11-06;531542.55
2015-11-05;566344.8
2015-11-04;506752.05
2015-11-03;509682.6
2015-11-02;513704.1
2015-11-01;501880.05
2015-10-31;506081.1
2015-10-30;527985.15
2015-10-29;522442.2
2015-10-28;531742.05
2015-10-27;499919.7
2015-10-26;488844.3
2015-10-25;499238.25
2015-10-24;462687.75
2015-10-23;473388.3
2015-10-22;428188.95
2015-10-21;527113.65
2015-10-20;512032.5
2015-10-19;516840.45
2015-10-18;541966.95
2015-10-17;533422.05
2015-10-16;556269
2015-10-15;562567.95
2015-10-14;560100.45
2015-10-13;547948.8
2015-10-12;558435.15
2015-10-11;556770.9
2015-10-10;563978.1
2015-10-09;559447.35
2015-10-08;531468
2015-10-07;509348.7
2015-10-06;508632.6
2015-10-05;497970.9
2015-10-04;514518.9
2015-10-03;500367
2015-10-02;521123.4
2015-10-01;492565.5
2015-09-30;508814.25
2015-09-29;523821.9
2015-09-28;560166.6
2015-09-27;526439.55
2015-09-26;515148.9
2015-09-25;516997.95
2015-09-24;524375.25
2015-09-23;480637.5
2015-09-22;488897.85
2015-09-21;518889
2015-09-20;454422.15
2015-09-19;488872.65
2015-09-18;523807.2
2015-09-17;530331.9
2015-09-16;528798.9
2015-09-15;544687.5
2015-09-14;466880.4
2015-09-13;454144.95
2015-09-12;476423.85
2015-09-11;400901.55
2015-09-10;395495.1
2015-09-09;469275.45
2015-09-08;533182.65
2015-09-07;527479.05
2015-09-06;523885.95
2015-09-05;523684.35
2015-09-04;578159.4
2015-09-03;605604.3
2015-09-02;621250.35
2015-09-01;572070.45
2015-08-31;560383.95
2015-08-30;521510.85
2015-08-29;525714
2015-08-28;508842.6
2015-08-27;512085
2015-08-26;535082.1
2015-08-25;523282.2
2015-08-24;529252.5
2015-08-23;540984.15
2015-08-22;573439.65
2015-08-21;590311.05
2015-08-20;476353.5
2015-08-19;543023.25
2015-08-18;536595.15
2015-08-17;558816.3
2015-08-16;537049.8
2015-08-15;526837.5
2015-08-14;531797.7
2015-08-13;503370
2015-08-12;517111.35
2015-08-11;535296.3
2015-08-10;495571.65
2015-08-09;523811.4
2015-08-08;469995.75
2015-08-07;500877.3
2015-08-06;443476.95
2015-08-05;555615.9
2015-08-04;462750.75
2015-08-03;504791.7
2015-08-02;542310.3
2015-08-01;545252.4
2015-07-31;447183.45
2015-07-30;471674.7
2015-07-29;468788.25
2015-07-28;489535.2
2015-07-27;596486.1
2015-07-26;555216.9
2015-07-25;527093.7
2015-07-24;441913.5
2015-07-23;447595.05
2015-07-22;427012.95
2015-07-21;423155.25
2015-07-20;487356.45
2015-07-19;481295.85
2015-07-18;536302.2
2015-07-17;542972.85
2015-07-16;524070.75
2015-07-15;543399.15
2015-07-14;535447.5
2015-07-13;513230.55
2015-07-12;521837.4
2015-07-11;533997.45
2015-07-10;566571.6
2015-07-09;542249.4
2015-07-08;515650.8
2015-07-07;516895.05
2015-07-06;512490.3
2015-07-05;511189.35
2015-07-04;511468.65
2015-07-03;528915.45
2015-07-02;541114.35
2015-07-01;543795
2015-06-30;531463.8
2015-06-29;520488.15
2015-06-28;516928.65
2015-06-27;584876.25
2015-06-26;576375.45
2015-06-25;544943.7
2015-06-24;518849.1
2015-06-23;545771.1
2015-06-22;565734.75
2015-06-21;545462.4
2015-06-20;517459.95
2015-06-19;517991.25
2015-06-18;451141.95
2015-06-17;420441
2015-06-16;431607.75
2015-06-15;509702.55
2015-06-14;473674.95
2015-06-13;433095.6
2015-06-12;406924.35
2015-06-11;413547.75
2015-06-10;404163.9
2015-06-09;407508.15
2015-06-08;461391
2015-06-07;452740.05
2015-06-06;422094.75
2015-06-05;367421.25
2015-06-04;383844.3
2015-06-03;336716.1
2015-06-02;351062.25
2015-06-01;359213.4
2015-05-31;387598.05
2015-05-30;382207.35
2015-05-29;336992.25
2015-05-28;390216.75
2015-05-27;372628.2
2015-05-26;354146.1
2015-05-25;364956.9
2015-05-24;380173.5
2015-05-23;404234.25
2015-05-22;384864.9
2015-05-21;321720
2015-05-20;329811.3
2015-05-19;393458.1
2015-05-18;419836.2
2015-05-17;458532.9
2015-05-16;540571.5
2015-05-15;582910.65
2015-05-14;594259.05
2015-05-13;520477.65
2015-05-12;569311.05
2015-05-11;550708.2
2015-05-10;539107.8
2015-05-09;567605.85
2015-05-08;570140.55
2015-05-07;535197.6
2015-05-06;539055.3
2015-05-05;583140.6
2015-05-04;455128.8
2015-05-03;554521.8
2015-05-02;545616.75
2015-05-01;544248.6
2015-04-30;556228.05
2015-04-29;544734.75
2015-04-28;547996.05
2015-04-27;526446.9
2015-04-26;544706.4
2015-04-25;562205.7
2015-04-24;483589.05
2015-04-23;554442
2015-04-22;512990.1
2015-04-21;526108.8
2015-04-20;528729.6
2015-04-19;532392
2015-04-18;535069.5
2015-04-17;565963.65
2015-04-16;497574
2015-04-15;544672.8
2015-04-14;548575.65
2015-04-13;553652.4
2015-04-12;520422
2015-04-11;516160.05
2015-04-10;524379.45
2015-04-09;528739.05
2015-04-08;537131.7
2015-04-07;516491.85
2015-04-06;529462.5
2015-04-05;532051.8
2015-04-04;535315.2
2015-04-03;438211.2
2015-04-02;348717.6
2015-04-01;487307.1
2015-03-31;538423.2
2015-03-30;545078.1
2015-03-29;527366.7
2015-03-28;530931.45
2015-03-27;550003.65
2015-03-26;553429.8
2015-03-25;570441.9
2015-03-24;567065.1
2015-03-23;580648.95
2015-03-22;585617.55
2015-03-21;579842.55
2015-03-20;558330.15
2015-03-19;540723.75
2015-03-18;571424.7
2015-03-17;467255.25
2015-03-16;558937.05
2015-03-15;557756.85
2015-03-14;487330.2
2015-03-13;519037.05
2015-03-12;499732.8
2015-03-11;477723.75
2015-03-10;416217.9
2015-03-09;460542.6
2015-03-08;444008.25
2015-03-07;440160
2015-03-06;449195.25
2015-03-05;389755.8
2015-03-04;452707.5
2015-03-03;454511.4
2015-03-02;447805.05
2015-03-01;422077.95
2015-02-28;445489.8
2015-02-27;436538.55
2015-02-26;424197.9
2015-02-25;430375.05
2015-02-24;447307.35
2015-02-23;462004.2
2015-02-22;482003.55
2015-02-21;512452.5
2015-02-20;493611.3
2015-02-19;509888.4
2015-02-18;505190.7
2015-02-17;512789.55
2015-02-16;496127.1
2015-02-15;489930
2015-02-14;498996.75
2015-02-13;532619.85
2015-02-12;531159.3
2015-02-11;489567.75
2015-02-10;496957.65
2015-02-09;505570.8
2015-02-08;494508
2015-02-07;462120.75
2015-02-06;528500.7
2015-02-05;577223.85
2015-02-04;543830.7
2015-02-03;568367.1
2015-02-02;424835.25
2015-02-01;510760.95
2015-01-31;556769.85
2015-01-30;536018.7
2015-01-29;463265.25
2015-01-28;539173.95
2015-01-27;539194.95
2015-01-26;536585.7
2015-01-25;533805.3
2015-01-24;515818.8
2015-01-23;535791.9
2015-01-22;558038.25
2015-01-21;583235.1
2015-01-20;551140.8
2015-01-19;548117.85
2015-01-18;579535.95
2015-01-17;584830.05
2015-01-16;598269
2015-01-15;558072.9
2015-01-14;492761.85
2015-01-13;579304.95
2015-01-12;551253.15
2015-01-11;539088.9
2015-01-10;544892.25
2015-01-09;528371.55
2015-01-08;536365.2
2015-01-07;554645.7
2015-01-06;540717.45
2015-01-05;545475
2015-01-04;586397.7
2015-01-03;555390.15
2015-01-02;531791.4
2015-01-01;546096.6
2014-12-31;566093.85
2014-12-30;508410
2014-12-29;565232.85
2014-12-28;562308.6
2014-12-27;447755.7
2014-12-26;543839.1
2014-12-25;563548.65
2014-12-24;563133.9
2014-12-23;573952.05
2014-12-22;570058.65
2014-12-21;545968.5
2014-12-20;553773.15
2014-12-19;635561.85
2014-12-18;554109.15
2014-12-17;448663.95
2014-12-16;528206.7
2014-12-15;560648.55
2014-12-14;595279.65
2014-12-13;582097.95
2014-12-12;543970.35
2014-12-11;524131.65
2014-12-10;546877.8
2014-12-09;597562.35
2014-12-08;593904.15
2014-12-07;584982.3
2014-12-06;557755.8
2014-12-05;578653.95
2014-12-04;584148.6
2014-12-03;504619.5
2014-12-02;540889.65
2014-12-01;547593.9
2014-11-30;522136.65
2014-11-29;525374.85
2014-11-28;525110.25
2014-11-27;555380.7
2014-11-26;562097.55
2014-11-25;580386.45
2014-11-24;557452.35
2014-11-23;513534
2014-11-22;535939.95
2014-11-21;558870.9
2014-11-20;570998.4
2014-11-19;575078.7
2014-11-18;566292.3
2014-11-17;571933.95
2014-11-16;559255.2
2014-11-15;560941.5
2014-11-14;537426.75
2014-11-13;506490.6
2014-11-12;547272.6
2014-11-11;596691.9
2014-11-10;570759
2014-11-09;605778.6
2014-11-08;613565.4
2014-11-07;583009.35
2014-11-06;500425.8
2014-11-05;466141.2
2014-11-04;528892.35
2014-11-03;600839.4
2014-11-02;615148.8
2014-11-01;487599
2014-10-31;495070.8
2014-10-30;439257
2014-10-29;384702.15
2014-10-28;303306.15
2014-10-27;330323.7
2014-10-26;397915.35
2014-10-25;278400.15
2014-10-24;403975.95
2014-10-23;442200.15
2014-10-22;486196.2
2014-10-21;502534.2
2014-10-20;539103.6
2014-10-19;496547.1
2014-10-18;415247.7
2014-10-17;442222.2
2014-10-16;554972.25
2014-10-15;572775
2014-10-14;601495.65
2014-10-13;591201.45
2014-10-12;554556.45
2014-10-11;582102.15
2014-10-10;577276.35
2014-10-09;567962.85
2014-10-08;597256.8
2014-10-07;552953.1
2014-10-06;579377.4
2014-10-05;559946.1
2014-10-04;551471.55
2014-10-03;532763.7
2014-10-02;504784.35
2014-10-01;532992.6
2014-09-30;376007.1
2014-09-29;520126.95
2014-09-28;545082.3
2014-09-27;552771.45
2014-09-26;597737.7
2014-09-25;488141.85
2014-09-24;499279.2
2014-09-23;485675.4
2014-09-22;550063.5
2014-09-21;578261.25
2014-09-20;606409.65
2014-09-19;573372.45
2014-09-18;543016.95
2014-09-17;566561.1
2014-09-16;575404.2
2014-09-15;597559.2
2014-09-14;614763.45
2014-09-13;591607.8
2014-09-12;543732
2014-09-11;583134.3
2014-09-10;540290.1
2014-09-09;586940.55
2014-09-08;587171.55
2014-09-07;585390.75
2014-09-06;584695.65
2014-09-05;584893.05
2014-09-04;531289.5
2014-09-03;568286.25
2014-09-02;490405.65
2014-09-01;509261.55
2014-08-31;516779.55
2014-08-30;541417.8
2014-08-29;514019.1
2014-08-28;513312.45
2014-08-27;534011.1
2014-08-26;470786.4
2014-08-25;602451.15
2014-08-24;575055.6
2014-08-23;602755.65
2014-08-22;561931.65
2014-08-21;568227.45
2014-08-20;568014.3
2014-08-19;525514.5
2014-08-18;531546.75
2014-08-17;570374.7
2014-08-16;508736.55
2014-08-15;521368.05
2014-08-14;478222.5
2014-08-13;481573.05
2014-08-12;526185.45
2014-08-11;462714
2014-08-10;471994.95
2014-08-09;556237.5
2014-08-08;524023.5
2014-08-07;565585.65
2014-08-06;532269.15
2014-08-05;533545.95
2014-08-04;482900.25
2014-08-03;533527.05
2014-08-02;519459.15
2014-08-01;412150.2
2014-07-31;566775.3
2014-07-30;593028.45
2014-07-29;589192.8
2014-07-28;597629.55
2014-07-27;575531.25
2014-07-26;604390.5
2014-07-25;596376.9
2014-07-24;644394.45
2014-07-23;620002.95
2014-07-22;565742.1
2014-07-21;537019.35
2014-07-20;565788.3
2014-07-19;566903.4
2014-07-18;529218.9
2014-07-17;490605.15
2014-07-16;538998.6
2014-07-15;556720.5
2014-07-14;534455.25
2014-07-13;537349.05
2014-07-12;543147.15
2014-07-11;530748.75
2014-07-10;485032.8
2014-07-09;497480.55
2014-07-08;544539.45
2014-07-07;534983.4
2014-07-06;521136
2014-07-05;534063.6
2014-07-04;542684.1
2014-07-03;567226.8
2014-07-02;511161
2014-07-01;573570.9
2014-06-30;576219
2014-06-29;571746
2014-06-28;578892.3
2014-06-27;570742.2
2014-06-26;553072.8
2014-06-25;553296.45
2014-06-24;558487.65
2014-06-23;582997.8
2014-06-22;579459.3
2014-06-21;600592.65
2014-06-20;543476.85
2014-06-19;573594
2014-06-18;509198.55
2014-06-17;560060.55
2014-06-16;532464.45
2014-06-15;547419.6
2014-06-14;537195.75
2014-06-13;554026.2
2014-06-12;554065.05
2014-06-11;530336.1
2014-06-10;488934.6
2014-06-09;441468.3
2014-06-08;457291.8
2014-06-07;442702.05
2014-06-06;471051
2014-06-05;550545.45
2014-06-04;661721.55
2014-06-03;574854
2014-06-02;545770.05
2014-06-01;540247.05
2014-05-31;571994.85
2014-05-30;555331.35
2014-05-29;576006.9
2014-05-28;564424.35
2014-05-27;622209
2014-05-26;609185.85
2014-05-25;604575.3
2014-05-24;629020.35
2014-05-23;572634.3
2014-05-22;572310.9
2014-05-21;538625.85
2014-05-20;552422.85
2014-05-19;561174.6
2014-05-18;580755
2014-05-17;583935.45
2014-05-16;569184
2014-05-15;263386.2
2014-05-14;228387.6
2014-05-13;292171.95
2014-05-12;587755.35
2014-05-11;512788.5
2014-05-10;563921.4
2014-05-09;534876.3
2014-05-08;549127.95
2014-05-07;555387
2014-05-06;552071.1
2014-05-05;565719
2014-05-04;575922.9
2014-05-03;539828.1
2014-05-02;583847.25
2014-05-01;559020
2014-04-30;560703.15
2014-04-29;598542
2014-04-28;560726.25
2014-04-27;560223.3
2014-04-26;594819.75
2014-04-25;581515.2
2014-04-24;443595.6
2014-04-23;534772.35
2014-04-22;501828.6
2014-04-21;596938.65
2014-04-20;557689.65
2014-04-19;550938.15
2014-04-18;518574
2014-04-17;529957.05
2014-04-16;543052.65
2014-04-15;579373.2
2014-04-14;578916.45
2014-04-13;554656.2
2014-04-12;561667.05
2014-04-11;565096.35
2014-04-10;591642.45
2014-04-09;604602.6
2014-04-08;557661.3
2014-04-07;598796.1
2014-04-06;563444.7
2014-04-05;572836.95
2014-04-04;569874.9
2014-04-03;533181.6
2014-04-02;488932.5
2014-04-01;501323.55
2014-03-31;517556.55
2014-03-30;491612.1
2014-03-29;546698.25
2014-03-28;595570.5
2014-03-27;569544.15
2014-03-26;578398.8
2014-03-25;550081.35
2014-03-24;567342.3
2014-03-23;575972.25
2014-03-22;571128.6
2014-03-21;564679.5
2014-03-20;525925.05
2014-03-19;538587
2014-03-18;535890.6
2014-03-17;510616.05
2014-03-16;527671.2
2014-03-15;521008.95
2014-03-14;546350.7
2014-03-13;484817.55
2014-03-12;521906.7
2014-03-11;473321.1
2014-03-10;453507.6
2014-03-09;498532.65
2014-03-08;508985.4
2014-03-07;493139.85
2014-03-06;573126.75
2014-03-05;610323
2014-03-04;601886.25
2014-03-03;553557.9
2014-03-02;547598.1
2014-03-01;559302.45
2014-02-28;592142.25
2014-02-27;584253.6
2014-02-26;589611.75
2014-02-25;501076.8
2014-02-24;547131.9
2014-02-23;530887.35
2014-02-22;544990.95
2014-02-21;464123.1
2014-02-20;570440.85
2014-02-19;587647.2
2014-02-18;566145.3
2014-02-17;539877.45
2014-02-16;484537.2
2014-02-15;382488.75
2014-02-14;513530.85
2014-02-13;506175.6
2014-02-12;598409.7
2014-02-11;592113.9
2014-02-10;574903.35
2014-02-09;564131.4
2014-02-08;567647.85
2014-02-07;555977.1
2014-02-06;525526.05
2014-02-05;498869.7
2014-02-04;418625.55
2014-02-03;445989.6
2014-02-02;555971.85
2014-02-01;546765.45
2014-01-31;517606.95
2014-01-30;545981.1
2014-01-29;577062.15
2014-01-28;533739.15
2014-01-27;537582.15
2014-01-26;540090.6
2014-01-25;536288.55
2014-01-24;581936.25
2014-01-23;582561
2014-01-22;604562.7
2014-01-21;605704.05
2014-01-20;592665.15
2014-01-19;549362.1
2014-01-18;558331.2
2014-01-17;539482.65
2014-01-16;508604.25
2014-01-15;536538.45
2014-01-14;585502.05
2014-01-13;614809.65
2014-01-12;582426.6
2014-01-11;595678.65
2014-01-10;590794.05
2014-01-09;557523.75
2014-01-08;566975.85
2014-01-07;563814.3
2014-01-06;615490.05
2014-01-05;606076.8
2014-01-04;597093
2014-01-03;607350.45
2014-01-02;589011.15
2014-01-01;589160.25
2013-12-31;593704.65
2013-12-30;522187.05
2013-12-29;571097.1
2013-12-28;505629.6
2013-12-27;535269
2013-12-26;558262.95
2013-12-25;575980.65
2013-12-24;560883.75
2013-12-23;519586.2
2013-12-22;588258.3
2013-12-21;588358.05
2013-12-20;497361.9
2013-12-19;591072.3
2013-12-18;592738.65
2013-12-17;627477.9
2013-12-16;640113.6
2013-12-15;663261.9
2013-12-14;595420.35
2013-12-13;574513.8
2013-12-12;571652.55
2013-12-11;534518.25
2013-12-10;536968.95
2013-12-09;552062.7
2013-12-08;537455.1
2013-12-07;535199.7
2013-12-06;522640.65
2013-12-05;550266.15
2013-12-04;548748.9
2013-12-03;561170.4
2013-12-02;546320.25
2013-12-01;562117.5
2013-11-30;560934.15
2013-11-29;572813.85
2013-11-28;564363.45
2013-11-27;557424
2013-11-26;570736.95
2013-11-25;574162.05
2013-11-24;576106.65
2013-11-23;479047.8
2013-11-22;412843.2
2013-11-21;366178.05
2013-11-20;368605.65
2013-11-19;389842.95
2013-11-18;490441.35
2013-11-17;587949.6
2013-11-16;608286
2013-11-15;520833.6
2013-11-14;567785.4
2013-11-13;558306
2013-11-12;607743.15
2013-11-11;541710.75
2013-11-10;468109.95
2013-11-09;349132.35
2013-11-08;604349.55
2013-11-07;591862.95
2013-11-06;559658.4
2013-11-05;576175.95
2013-11-04;568522.5
2013-11-03;568214.85
2013-11-02;563468.85
2013-11-01;556332
2013-10-31;597020.55
2013-10-30;512839.95
2013-10-29;571574.85
2013-10-28;607185.6
2013-10-27;561621.9
2013-10-26;563836.35
2013-10-25;538898.85
2013-10-24;558602.1
2013-10-23;533528.1
2013-10-22;564137.7
2013-10-21;561291.15
2013-10-20;555703.05
2013-10-19;577783.5
2013-10-18;602136.15
2013-10-17;583261.35
2013-10-16;562951.2
2013-10-15;539579.25
2013-10-14;510828.15
2013-10-13;485436
2013-10-12;505144.5
2013-10-11;491201.55
2013-10-10;541803.15
2013-10-09;485606.1
2013-10-08;440835.15
2013-10-07;483991.2
2013-10-06;503968.5
2013-10-05;524791.05
2013-10-04;472183.95
2013-10-03;429935.1
2013-10-02;467672.1
2013-10-01;485137.8
2013-09-30;520850.4
2013-09-29;495493.95
2013-09-28;458410.05
2013-09-27;403056.15
2013-09-26;415902.9
2013-09-25;467429.55
2013-09-24;469250.25
2013-09-23;424112.85
2013-09-22;426835.5
2013-09-21;415223.55
2013-09-20;358970.85
2013-09-19;421135.05
2013-09-18;423511.2
2013-09-17;451397.1
2013-09-16;434113.05
2013-09-15;404828.55
2013-09-14;440639.85
2013-09-13;406938
2013-09-12;557480.7
2013-09-11;554974.35
2013-09-10;553544.25
2013-09-09;550605.3
2013-09-08;557382
2013-09-07;563081.4
2013-09-06;558535.95
2013-09-05;626806.95
2013-09-04;609404.25
2013-09-03;600187.35
2013-09-02;540606.15
2013-09-01;534098.25
2013-08-31;505954.05
2013-08-30;503443.5
2013-08-29;427054.95
2013-08-28;372553.65
2013-08-27;566744.85
2013-08-26;576632.7
2013-08-25;552738.9
2013-08-24;567633.15
2013-08-23;561150.45
2013-08-22;528952.2
2013-08-21;525178.5
2013-08-20;522747.75
2013-08-19;526975.05
2013-08-18;541216.2
2013-08-17;571329.15
2013-08-16;526948.8
2013-08-15;527602.95
2013-08-14;544660.2
2013-08-13;551673.15
2013-08-12;534507.75
2013-08-11;541175.25
2013-08-10;614704.65
2013-08-09;560156.1
2013-08-08;596212.05
2013-08-07;608447.7
2013-08-06;585869.55
2013-08-05;552780.9
2013-08-04;541032.45
2013-08-03;579643.05
2013-08-02;592416.3
2013-08-01;589282.05
2013-07-31;592910.85
2013-07-30;560185.5
2013-07-29;549731.7
2013-07-28;535815
2013-07-27;548807.7
2013-07-26;587235.6
2013-07-25;539647.5
2013-07-24;532399.35
2013-07-23;504332.85
2013-07-22;446229
2013-07-21;399202.65
2013-07-20;378305.55
2013-07-19;422059.05
2013-07-18;469347.9
2013-07-17;392041.65
2013-07-16;358512
2013-07-15;418873.35
2013-07-14;453525.45
2013-07-13;523875.45
2013-07-12;529912.95
2013-07-11;423803.1
2013-07-10;435032.85
2013-07-09;500949.75
2013-07-08;400202.25
2013-07-07;448730.1
2013-07-06;459303.6
2013-07-05;547208.55
2013-07-04;587523.3
2013-07-03;582856.05
2013-07-02;565687.5
2013-07-01;534193.8
2013-06-30;534447.9
2013-06-29;533364.3
2013-06-28;530870.55
2013-06-27;523771.5
2013-06-26;550700.85
2013-06-25;531621.3
2013-06-24;521496.15
2013-06-23;524431.95
2013-06-22;584554.95
2013-06-21;571106.55
2013-06-20;563104.5
2013-06-19;570465
2013-06-18;520528.05
2013-06-17;481576.2
2013-06-16;476346.15
2013-06-15;559032.6
2013-06-14;531707.4
2013-06-13;555056.25
2013-06-12;584028.9
2013-06-11;558063.45
2013-06-10;543131.4
2013-06-09;552585.6
2013-06-08;540297.45
2013-06-07;535209.15
2013-06-06;523241.25
2013-06-05;537332.25
2013-06-04;435448.65
2013-06-03;507249.75
2013-06-02;524730.15
2013-06-01;537219.9
2013-05-31;497269.5
2013-05-30;500797.5
2013-05-29;464796.15
2013-05-28;472106.25
2013-05-27;404960.85
2013-05-26;444400.95
2013-05-25;374414.25
2013-05-24;376769.4
2013-05-23;393100.05
2013-05-22;386427.3
2013-05-21;301140
2013-05-20;324345
2013-05-19;360570
2013-05-18;356580
2013-05-17;358995
2013-05-16;394647.75
2013-05-15;404410.65
2013-05-14;427468.65
2013-05-13;530663.7
2013-05-12;530134.5
2013-05-11;508422.6
2013-05-10;521732.4
2013-05-09;549646.65
2013-05-08;537988.5
2013-05-07;552565.65
2013-05-06;590082.15
2013-05-05;559779.15
2013-05-04;548104.2
2013-05-03;498036
2013-05-02;548112.6
2013-05-01;517296.15
2013-04-30;490010.85
2013-04-29;487118.1
2013-04-28;508287.15
2013-04-27;519867.6
2013-04-26;482114.85
2013-04-25;433378.05
2013-04-24;389172
2013-04-23;530897.85
2013-04-22;523084.8
2013-04-21;514554.6
2013-04-20;526129.8
2013-04-19;531082.65
2013-04-18;514277.4
2013-04-17;476391.3
2013-04-16;538536.6
2013-04-15;551422.2
2013-04-14;524463.45
2013-04-13;522551.4
2013-04-12;519160.95
2013-04-11;498855
2013-04-10;498394.05
2013-04-09;513026.85
2013-04-08;514057.95
2013-04-07;512689.8
2013-04-06;492857.4
2013-04-05;530109.3
2013-04-04;534997.05
2013-04-03;540676.5
2013-04-02;586459.65
2013-04-01;571876.2
2013-03-31;497180.25
2013-03-30;494634
2013-03-29;482311.2
2013-03-28;481084.8
2013-03-27;483414.75
2013-03-26;514248
2013-03-25;488017.95
2013-03-24;510809.25
2013-03-23;480097.8
2013-03-22;447599.25
2013-03-21;533058.75
2013-03-20;563330.25
2013-03-19;530575.5
2013-03-18;533113.35
2013-03-17;500533.95
2013-03-16;523685.4
2013-03-15;475685.7
2013-03-14;449460.9
2013-03-13;445462.5
2013-03-12;477806.7
2013-03-11;513237.9
2013-03-10;511291.2
2013-03-09;512805.3
2013-03-08;528068.1
2013-03-07;569570.4
2013-03-06;501062.1
2013-03-05;493885.35
2013-03-04;491122.8
2013-03-03;493338.3
2013-03-02;498293.25
2013-03-01;486445.05
2013-02-28;466918.2
2013-02-27;483309.75
2013-02-26;490256.55
2013-02-25;505988.7
2013-02-24;502606.65
2013-02-23;488589.15
2013-02-22;475463.1
2013-02-21;494180.4
2013-02-20;506200.8
2013-02-19;503731.2
2013-02-18;466701.9
2013-02-17;555275.7
2013-02-16;553360.5
2013-02-15;527156.7
2013-02-14;519779.4
2013-02-13;528649.8
2013-02-12;545048.7
2013-02-11;530137.65
2013-02-10;528152.1
2013-02-09;521435.25
2013-02-08;458241
2013-02-07;524626.2
2013-02-06;509922
2013-02-05;526803.9
2013-02-04;448240.8
2013-02-03;489268.5
2013-02-02;526984.5
2013-02-01;498877.05
2013-01-31;460312.65
2013-01-30;411268.2
2013-01-29;417637.5
2013-01-28;494653.95
2013-01-27;491121.75
2013-01-26;435722.7
2013-01-25;428812.65
2013-01-24;447843.9
2013-01-23;382718.7
2013-01-22;389014.5
2013-01-21;506133.6
2013-01-20;513019.5
2013-01-19;497827.05
2013-01-18;470688.75
2013-01-17;461779.5
2013-01-16;498834
2013-01-15;469850.85
2013-01-14;504933.45
2013-01-13;491822.1
2013-01-12;492397.5
2013-01-11;449669.85
2013-01-10;508820.55
2013-01-09;528958.5
2013-01-08;540232.35
2013-01-07;502637.1
2013-01-06;494725.35
2013-01-05;501672.15
2013-01-04;528345.3
2013-01-03;496661.55
2013-01-02;515324.25
2013-01-01;491103.9
2012-12-31;505148.7
2012-12-30;467960.85
2012-12-29;485279.55
2012-12-28;505594.95
2012-12-27;508998
2012-12-26;496323.45
2012-12-25;488043.15
2012-12-24;493581.9
2012-12-23;492065.7
2012-12-22;487397.4
2012-12-21;484485.75
2012-12-20;476254.8
2012-12-19;531946.8
2012-12-18;506742.6
2012-12-17;515620.35
2012-12-16;419399.4
2012-12-15;460778.85
2012-12-14;431902.8
2012-12-13;394417.8
2012-12-12;337326.15
2012-12-11;380323.65
2012-12-10;429798.6
2012-12-09;442858.5
2012-12-08;442758.75
2012-12-07;470388.45
2012-12-06;485224.95
2012-12-05;461085.45
2012-12-04;496631.1
2012-12-03;471881.55
2012-12-02;455512.05
2012-12-01;480627
2012-11-30;501043.2
2012-11-29;527761.5
2012-11-28;510079.5
2012-11-27;472361.4
2012-11-26;457248.75
2012-11-25;469942.2
2012-11-24;477506.4
2012-11-23;501457.95
2012-11-22;499891.35
2012-11-21;467315.1
2012-11-20;454900.95
2012-11-19;448288.05
2012-11-18;500952.9
2012-11-17;499057.65
2012-11-16;476690.55
2012-11-15;466872
2012-11-14;483013.65
2012-11-13;465215.1
2012-11-12;421711.5
2012-11-11;420338.1
2012-11-10;462932.4
2012-11-09;473793.6
2012-11-08;431624.55
2012-11-07;461362.65
2012-11-06;461906.55
2012-11-05;477513.75
2012-11-04;494072.25
2012-11-03;460756.8
2012-11-02;476011.2
2012-11-01;402373.65
2012-10-31;362723.55
2012-10-30;283455.9
2012-10-29;335058.15
2012-10-28;421313.55
2012-10-27;446411.7
2012-10-26;189239.4
2012-10-25;487675.65
2012-10-24;474642
2012-10-23;466689.3
2012-10-22;456444.45
2012-10-21;425235.3
2012-10-20;472771.95
2012-10-19;466201.05
2012-10-18;445969.65
2012-10-17;459792.9
2012-10-16;465933.3
2012-10-15;480391.8
2012-10-14;495904.5
2012-10-13;590673.3
2012-10-12;607258.05
2012-10-11;606627
2012-10-10;544915.35
2012-10-09;476017.5
2012-10-08;423343.2
2012-10-07;401111.55
2012-10-06;298342.8
2012-10-05;458707.2
2012-10-04;559191.15
2012-10-03;568538.25
2012-10-02;509720.4
2012-10-01;460440.75
2012-09-30;513125.55
2012-09-29;505412.25
2012-09-28;494984.7
2012-09-27;485794.05
2012-09-26;501861.15
2012-09-25;508779.6
2012-09-24;492116.1
2012-09-23;458691.45
2012-09-22;436260.3
2012-09-21;409676.4
2012-09-20;429310.35
2012-09-19;514406.55
2012-09-18;496591.2
2012-09-17;473048.1
2012-09-16;492954
2012-09-15;519309
2012-09-14;462581.7
2012-09-13;485046.45
2012-09-12;505681.05
2012-09-11;504173.25
2012-09-10;471480.45
2012-09-09;448276.5
2012-09-08;450384.9
2012-09-07;477738.45
2012-09-06;499203.6
2012-09-05;510142.5
2012-09-04;509142.9
2012-09-03;452483.85
2012-09-02;483008.4
2012-09-01;485279.55
2012-08-31;471405.9
2012-08-30;489348.3
2012-08-29;520714.95
2012-08-28;521593.8
2012-08-27;541154.25
2012-08-26;487864.65
2012-08-25;503195.7
2012-08-24;491328.6
2012-08-23;502407.15
2012-08-22;536000.85
2012-08-21;536744.25
2012-08-20;501994.5
2012-08-19;506172.45
2012-08-18;528372.6
2012-08-17;580419
2012-08-16;564306.75
2012-08-15;518940.45
2012-08-14;505149.75
2012-08-13;504672
2012-08-12;497847
2012-08-11;492301.95
2012-08-10;480431.7
2012-08-09;481684.35
2012-08-08;496105.05
2012-08-07;493761.45
2012-08-06;507484.95
2012-08-05;492618
2012-08-04;501566.1
2012-08-03;491858.85
2012-08-02;554576.4
2012-08-01;534259.95
2012-07-31;520073.4
2012-07-30;522163.95
2012-07-29;518640.15
2012-07-28;505413.3
2012-07-27;514574.55
2012-07-26;496505.1
2012-07-25;471037.35
2012-07-24;394793.7
2012-07-23;479191.65
2012-07-22;514931.55
2012-07-21;549600.45
2012-07-20;538206.9
2012-07-19;503606.25
2012-07-18;496819.05
2012-07-17;509517.75
2012-07-16;489055.35
2012-07-15;464503.2
2012-07-14;449716.05
2012-07-13;441479.85
2012-07-12;562464
2012-07-11;464107.35
2012-07-10;465267.6
2012-07-09;463672.65
2012-07-08;451125.15
2012-07-07;471242.1
2012-07-06;508852.05
2012-07-05;534062.55
2012-07-04;503277.6
